SessionID,Total_Topics,Unique_Topics,Unique_Percentage,Variance,Variance_Probabilistic,Human,Robot
4,50,10,0.2,0.0,0.0,0,0
1,40,10,0.25,0.0,0.0,0,0
3,100,92,0.92,9.81999,0.010011,0,1
8,40,20,0.5,5.0,0.0041248,0,1
2,120,20,0.1666666,2.16666666,0.00173534,1,0
6,40,10,0.25,0.0,0.0,1,0